symbol,corr_weighted_vol_vs_volatility,corr_weighted_vol_vs_price_range,corr_price_range_vs_volatility,avg_pct_change
A,0.1967295833778883,0.13492768681770628,0.8871840136926024,0.19174472396629114
AAPL,0.09539853920979864,0.1679931630220226,0.6535062180238554,1.137612870659435
ABBV,-0.08835552700755155,0.007685720559691322,0.8205367941838878,0.5502926536379005
ABNB,-0.08172943979850655,-0.11760634478981222,0.7794169627212102,0.6540495300474234
ABT,0.12079387820154304,-0.10295510202817801,0.6908127634494777,0.6193453108222211
ACGL,0.1674999545901298,0.3056559003172649,0.7219729921421751,1.4652165942172417
ACN,-0.12201980078589748,-0.2082000358203013,0.823546777197586,0.8938190544626258
ADBE,0.007034317517814659,0.10919649309014717,0.8876769707861005,1.1312597446426718
ADI,0.25687580169526647,0.29054503610741655,0.7745747543231647,1.0616174709545798
ADM,-0.05659097818128843,0.14976884783672598,0.8962950470165663,-0.8412206663524081
ADP,0.1379518082435296,-0.03064097308003837,0.7929294274899407,0.4642011930421118
ADSK,0.21698466123584134,0.07291190238768501,0.6755496301073917,0.6662815434416655
AEE,0.007621432351693716,0.023227571218399988,0.7844579918573151,0.40397685416958207
AEP,-0.24224670945523355,-0.09801712124105734,0.6088299342023022,0.4067164339125259
AES,-0.21300360931016793,-4.386969105460592e-05,0.7654345955358076,-0.29904115692027267
AFL,0.22367883332228122,0.2248578067621124,0.7680688347235788,1.2171355047545716
AIG,0.07210835571208353,0.10048829336661246,0.7794696658019358,0.7863438682210697
AIZ,-0.1851191682180385,-0.03506933246873565,0.8306368787194669,0.5861700595624136
AJG,-0.017465150429273137,0.21519824078504166,0.8035611221007157,1.0078027602513209
AKAM,0.05838204127506757,-0.0017271223671584484,0.8854002354301747,0.47931887780563115
ALB,0.46195040092211076,0.7295164345244582,0.6883882759008148,-1.5098837985254012
ALGN,0.11153914049293308,0.2499756848224219,0.6809463112976809,0.5548987036299206
ALL,-0.1372624929741513,0.1513276651671516,0.6134772202721162,0.932944143209498
ALLE,0.10739028529893133,0.05613325635238311,0.8035024146336547,1.0109890292024066
AMAT,0.34887163912688723,0.5617370149847617,0.8282774021299064,1.6090908076377213
AMCR,0.08954403364297822,0.18811811290352023,0.699705185824138,-0.0035098294813011854
AMD,0.4490290533250763,0.6259876657763064,0.8377114673646125,2.307993097787801
AME,-0.2346014328120191,-0.12835334258731443,0.8236614953759933,0.7148711442580479
AMGN,0.06054166585398257,0.3093514754459073,0.8039993506869396,0.40021166243054906
AMP,0.09194864950987186,0.08578201329753188,0.8302844086236717,1.3883694709047232
AMT,-0.0946406505105909,0.06069605530371614,0.7758042119148808,0.6082376507984686
AMTM,-0.3683864449435375,-0.9825390144682559,0.18898223650461338,3.971294224415495
AMZN,0.08333225351732072,0.11684763927043616,0.8152974821073022,0.991869104940151
ANET,0.4110645270421235,0.5505485765389247,0.8281059794010811,2.582305848500161
ANSS,0.0743513922260338,0.004813277640451488,0.8331715471589186,1.1227974124013929
AON,-0.32880411603714155,-0.30801679344391686,0.8294931977075491,0.5598855085757878
AOS,-0.016747470329623523,0.16308309817567235,0.7106258155911284,0.9815967917612962
APA,0.3648252689049922,0.6092627457190154,0.7310932067521204,-1.090466229111046
APD,-0.160626059835336,-0.08500165110685926,0.841258656350128,0.5876098243098784
APH,0.5419030117161654,0.6754966544598595,0.7288689444488698,1.2951718103269236
APTV,0.1403547253343807,0.26594271863729346,0.7545702034487125,-0.19210257612443715
ARE,0.2196385684187147,0.23373946009502372,0.8302281759618917,-0.033219087053292476
ATO,0.022857479201081752,-0.2676473360018833,0.6036346374582856,0.756230509478964
AVB,0.08223314332430562,-0.053734799322706354,0.5592426714382227,0.6231793052747685
AVGO,0.5368525139328394,0.7035043614328554,0.8768569762212431,2.8444557109387607
AVY,-0.03650640751921656,-0.08178117446055568,0.7211444210966568,0.430439979696962
AWK,-0.031390407363947735,0.07959722617062288,0.7245612184693234,0.26260495070593143
AXON,0.21480051771410813,0.2602212049309722,0.8731743259819083,2.485175135374854
AXP,0.10928576263952781,0.2740813234835532,0.7420340990944088,1.2388125649240476
AZO,0.050085662218826925,0.07802606070193742,0.7590570369690929,0.6530179658608656
BA,0.2550218290239284,0.28542221655197975,0.8439858221488381,0.32424908183647483
BAC,-0.09157928052091283,0.0098683321577267,0.7987661825911633,0.531946505975143
BALL,-0.18670531427622666,-0.2662119676154867,0.7081790995195724,0.8590869440934699
BAX,0.45681099777007333,0.48540812884723805,0.8298169922747497,-0.5612722400534569
BBY,0.15015383978838556,0.17543342768828057,0.8055185609619349,0.8258567375647493
BDX,0.08615621503083003,0.1550346736595122,0.7254293728319965,0.1691296978913518
BEN,0.03615745293639292,0.20826952192220372,0.6538593040162604,-0.06343487538596145
BF.B,0.3313639699192286,0.24942125086535996,0.8131983121041961,-0.3864621978992173
BG,0.04696563906697091,0.03835494391169021,0.6732012320999049,-0.0017810110319548245
BIIB,0.1296970837209275,0.28274368634202707,0.7173133163101255,-0.5618047181324802
BK,0.06593437948065338,0.08970440924884492,0.7463636591598158,1.1884907496435073
BKNG,0.15049043338428422,0.24972003977369775,0.8114691005386941,1.7481740611657663
BKR,0.04314023183305012,-0.059044659806292414,0.7342878876701914,0.5845157275127627
BLDR,0.4477202597196246,0.590616718276236,0.8534262663055698,2.436470059844755
BLK,-0.014855855045387526,0.0740867416319582,0.7540237193433362,1.0458252086428987
BMY,0.10580634992340042,0.14298383069574958,0.8272440502668909,-0.4211621841342292
BR,-0.1576231776887253,-0.07299542642606487,0.6261398277746245,0.8909607387730792
BRK.B,0.12672491581937728,0.3547391451261349,0.6596340939238899,0.7885965710931311
BRO,-0.10251616496151411,0.1828000099912747,0.725500415969692,1.0410194975714364
BSX,0.21432712604237716,0.2689103577832158,0.7142237771377303,1.4292024017354468
BWA,0.16988445006644215,0.26081531520314954,0.7951253010531503,0.14255218404010997
BX,0.23221627994479327,0.2472147278504073,0.7887252112914506,1.6484363159487252
BXP,0.00034655708981057575,-0.06728860936285087,0.7545362446123357,0.5376897289276523
C,0.09914144926264985,0.28120011688502056,0.7309385714598743,0.7388212504591907
CAG,0.13412467685660615,0.2206186040330062,0.772773049207531,-0.20730026776854743
CAH,-0.02552790152851083,0.09052920363025271,0.7190530421307962,0.9712130279498379
CARR,0.09162498311905985,0.21034527562115218,0.8093688479277381,1.5859688317471836
CAT,0.31013998293280387,0.2892669488778211,0.7682453578595945,1.5312337645685337
CB,0.10396451132331579,0.1977530888678767,0.745919279514805,0.7541921149275264
CBOE,0.04831099397183219,0.2665804115434568,0.7924451264240728,1.1324537262501775
CBRE,0.12552135787832033,0.10308620891743489,0.8730899030905614,1.3706595856273005
CCI,0.17745068248540627,0.43168895927665196,0.7571750344804464,0.045122300134202646
CCL,0.2738157466412359,0.27138889449709874,0.8517664217296346,2.269612317825028
CDNS,0.16461312315455964,0.3752259051599111,0.8480536769123749,1.0247075246256054
CDW,-0.028327888433800734,0.07754446713616996,0.7612916954879774,0.7119849527275273
CE,0.03902750730234402,0.04015957899617666,0.6851017713602098,0.7820023944451124
CEG,0.5065070404532757,0.6873750785043503,0.9161808305121297,2.2657624724425456
CF,0.15055818066092383,0.5369609771083484,0.706565197726504,-0.3604301148232446
CFG,0.10244168421836915,0.015420755860984566,0.7828318200200358,0.3707856869060293
CHD,-0.30980425830195407,-0.15118401187863725,0.7114841943690685,0.6057107767941063
CHRW,0.07676164399842896,0.037989430033604284,0.8102744004712814,0.3923144779268742
CHTR,-0.037397289974824596,0.07582420587964746,0.8257105557993017,0.29637215914696946
CI,-0.04729519623875115,-0.09103226987102843,0.6300945917896282,0.22398521292161652
CINF,0.08024188797147692,0.11181084811028187,0.8067929587164208,0.640281305698706
CL,0.08551649791591102,0.31724462481409693,0.710427492592242,0.6234980628558324
CLX,-0.06063601347975876,-0.06740051224237074,0.806870184049851,0.4435686654273549
CMCSA,-0.04315627109881041,-0.1163962573940258,0.6319545791577179,0.6587104105392112
CME,0.10095299688180298,0.027986922215739524,0.819969445566567,0.49054623128802954
CMG,0.17495793523649397,0.3937814981136889,0.8382561404843966,1.2905247314350465
CMI,0.23325250033418718,0.2604191108993544,0.49144475370400004,0.6762188504884827
CMS,-0.16761772916816917,-0.2106173277327053,0.616185332526834,0.6287470323685558
CNC,0.22437582803676143,0.26455973036991803,0.7400165166270626,-0.409743039478611
CNP,-0.07314859017135196,-0.09243027651955775,0.7584892992158329,0.31222747484596786
COF,-0.10507392089858673,-0.06867036542577581,0.8145010422614545,1.0804532907867295
COO,0.04159662591563106,-0.21284752375429575,0.7223943597625354,1.1189219898482266
COP,0.19987651886535918,0.15468591804860093,0.7534071040213699,-0.39153281719912414
COR,0.08624173209432083,0.13545181005764698,0.7846748378862458,0.9505229033177527
COST,0.10913443559449122,0.45691804465509483,0.6691997955904794,1.2229564320844626
CPAY,-0.22388920255620007,-0.2707233665886606,0.6877723605256717,0.5274196161656766
CPB,0.20630759510095747,0.16897968399370525,0.7496387340054808,-0.047332288864025775
CPRT,0.10782279478452979,0.3539124949264699,0.7733305569322713,1.3005578487843594
CPT,0.08963018797271531,0.04513150429333571,0.7066447890372689,0.14055849202569767
CRL,0.3480619201634995,0.3497800399807829,0.7570457734578443,0.17311652622925983
CRM,0.05327138499448975,0.11830779848352592,0.8559729957023569,1.5009127530026114
CRWD,0.4087642399077978,0.5536436946103408,0.8588114562514778,1.673661819253292
CSCO,0.01335852731522454,-0.06060930488573141,0.8696613864252856,0.644193922389174
CSGP,0.26653232301866264,0.2633447951069705,0.8160174576981742,0.1919677857471288
CSX,-0.17626753325545566,-0.08605213399758564,0.5195774047558829,0.463691717853157
CTAS,0.39600724288851863,0.46942702031406863,0.7482102596083886,1.406352340855807
CTLT,-0.05839287424208314,-0.09262366706021266,0.9350369482288535,1.143096941146148
CTRA,0.11573009546814193,0.10177301583683114,0.636202689411888,-0.5452604357184205
CTSH,-0.2918010139093483,-0.29465160032065174,0.7644845856826631,0.654633480462302
CTVA,0.08447548792401191,0.13542547448809789,0.8389515059450944,0.12188874624134834
CVS,0.17707478033090468,0.16569018834848076,0.8350862170389858,-0.7561551210539901
CVX,-0.0010922192439952894,0.19685763024829592,0.7290536898825042,-0.32886781735427045
CZR,0.28773000205502214,0.2830374563222739,0.6353471510231604,0.47038541895831143
D,-0.08102625084025565,0.01667119880466438,0.7413260946681951,0.11943781600447699
DAL,0.12471631828986313,0.17008545997221997,0.8070348283098645,1.185487402220548
DAY,-0.02086281545180853,0.03275429682724688,0.6963820449941562,-0.22537138256195774
DD,-0.3156242841739551,-0.3403857617703315,0.841671466469131,1.068220126438843
DE,-0.12349465667786443,-0.03983814340186954,0.7947574548449414,0.2412987066622174
DECK,0.5493129585805248,0.7203902466015115,0.7398523215914548,1.8851926779362689
DELL,0.5718753905937336,0.7874249665815851,0.780151996645269,2.6128543295976154
DFS,-0.01680593875201439,0.12323571283457202,0.8650739930259125,0.9508133562335181
DG,-0.012128520213105145,0.12419704265600118,0.9071271966532694,-1.6259600186597516
DGX,0.11143306602634494,0.22177702748978217,0.7051339317052655,0.41100449615905216
DHI,0.35831949251405415,0.4932029671091251,0.8719401133984651,2.0970967103141858
DHR,-0.16843271472078034,-0.06634356941912314,0.732074189069862,0.26476763892092653
DIS,0.09363389489763324,0.27388796814801225,0.8304636248767898,-0.2510523566635118
DLR,0.09158496964296942,-0.08419431043780103,0.8146987907587195,1.2903459549581866
DLTR,0.011018889713102534,0.024975861576873898,0.9132547760141995,-1.247822558407684
DOC,-0.12562043249714538,0.008931293376638146,0.9394872888610019,1.3572770762596829
DOV,0.17875649460307896,0.11477500010771619,0.5643665952532371,0.8991703036046875
DOW,0.11945203101863844,0.017949051299392137,0.6906087507168038,0.25695739043832994
DPZ,0.019847138280610067,0.053330692573015225,0.8808003073920748,0.5191127328336361
DRI,-0.08396099978376687,-0.04574693762795258,0.7474320984802532,0.48852230939882313
DTE,-0.3430352537030121,-0.3061250435074698,0.6580080739137306,0.49952710805352335
DUK,0.016364659209614538,-0.00021850934997938386,0.7392625788429869,0.7113528630163956
DVA,-0.00039917438848847676,0.1389553427379286,0.8280022853678435,1.3523507900382272
DVN,0.250423820741233,0.6181129536275013,0.7524432672196102,-1.2525264342296936
DXCM,-0.10245266388839522,-0.025449152012913916,0.932502571816222,0.039891842170962415
EA,-0.2595535644742662,-0.09607773854840208,0.8285591985763183,0.3740611700379327
EBAY,0.14821021027016043,0.0909037140294373,0.7834412876692937,1.1271582130582731
ECL,-0.08817610041905607,-0.16326877388732466,0.7362748764966343,1.1950035641113994
ED,-0.07339842181405465,-0.037662249758459033,0.722793678485395,0.5264842551098226
EFX,0.05358686680562802,0.051941879065522945,0.8458371457594219,1.2040637916460772
EG,0.08458404950115053,0.08753591529509092,0.6843325035530236,0.15635456187622934
EIX,-0.2240270424149242,-0.324021848887237,0.7687864903074659,0.9795680751945728
EL,0.24555265909026103,0.4416182107793967,0.8817881837381476,-1.18931592835095
ELV,-0.01794851966445063,-0.013366771990537834,0.6734061402793974,-0.27228028880187105
EMN,0.026827118649690528,0.04162409795397216,0.6161633115940505,0.881952338231146
EMR,0.23815073574060128,0.08783696625402032,0.8125134934411494,0.6011738965792667
ENPH,0.4885904438091521,0.7108772867057027,0.8246266573130728,-1.6678996124132266
EOG,0.06559663504817653,0.11482832539107538,0.7257351221962526,-0.30506503266140206
EPAM,0.28732571637635274,0.5591206859106387,0.7460578945307246,-0.2796190331356297
EQIX,-0.13922700359314266,-0.26767334625613526,0.8421879280255977,1.137529754628417
EQR,0.10745009828823864,-0.07126437346219787,0.565600051617628,0.407411850859959
EQT,-0.007591569221799402,0.11871630719338452,0.6739406999620658,0.1635022134227142
ERIE,0.3660038437385124,0.42232703788863996,0.9354312238759148,1.4034673092932024
ES,0.026027336303537412,0.12312658806494381,0.7184049058047588,0.07171916970696804
ESS,0.0874493009613513,0.1457137246228865,0.7697288621960604,0.7052899656353981
ETN,0.3442985989636771,0.49076589052894626,0.7509305720028105,1.9161280136772145
ETR,0.0630805247475674,-0.00630669275607147,0.6965151607212451,0.7122202455805348
EVRG,-0.009628534359713038,0.07350697204077468,0.7097190392988827,0.2475072542637702
EW,-0.06200145410076547,-0.06206682735674819,0.9236044467158921,0.05953511548287774
EXC,-0.04500445949700437,0.09529613583022176,0.6897070833045695,0.34850111964313385
EXPD,-0.061677161866440636,-0.11816471453895783,0.7699858908087639,0.5887628929380856
EXPE,0.05008383911000598,-0.0007234690411059018,0.7986145381002934,1.2339739185514171
EXR,-0.04521982153176089,0.039890881478771754,0.8312473934644219,0.2793588414438959
F,0.15724912367320532,0.22524359036928812,0.824386603160484,0.15342042086896593
FANG,0.131928139519395,0.19257961890123643,0.5975928098326699,0.15192989846594904
FAST,0.4081363688465256,0.2995448699076566,0.8635020693509076,1.0136689312688423
FCX,0.20799977264163025,0.2847850534843016,0.7738341000385628,1.1857436484705668
FDS,0.04558444175712399,-0.14609439000363122,0.6788897467810304,0.411657268905587
FDX,0.18395918758591945,0.1734621267020532,0.8986495185940233,1.3811522885787078
FE,-0.04087708588560557,-0.08994289336541775,0.6730418731990675,0.5037403783570381
FFIV,0.0417417163197876,0.030988574670104536,0.7794819759821554,0.8780443424174413
FI,0.21211525823129243,0.5477575778070539,0.6797220301328002,1.6063896358476495
FICO,0.345779586603485,0.5864281622453424,0.8073690984606169,3.0876881852262397
FIS,0.07278984775213658,0.04772033531594143,0.8803734853078159,0.6982173795876084
FITB,0.13333540657944565,-0.012010175788134446,0.7213405242246781,0.7221523930523843
FMC,0.1808311678494082,0.29532637846005133,0.7667088678871655,-0.4463822290628085
FOX,0.0795969607142721,-0.07094077824943255,0.6229090163054954,0.6062875262249542
FOXA,0.0778994974913146,-0.06486853711108158,0.589101242389335,0.7200588399071219
FRT,-0.15335415074824027,-0.24105280508859708,0.8370073719147955,0.47812255794407266
FSLR,0.3525244558901042,0.5081463029213198,0.8349148468235617,1.4191065219463612
FTNT,-0.05728964144825056,-0.1297969208526739,0.8827273220227745,1.050711001030858
FTV,0.10594700061631587,-0.000975317208147257,0.7778890834978227,0.48111391122054536
GD,0.13441195914224568,0.2993623210701259,0.5629205645313858,0.33850488243796073
GDDY,0.3336802427570187,0.43170861029457686,0.8854799333008705,1.6487547436671277
GE,0.4765967161894093,0.7074465056677124,0.8246510011875103,2.7561561906071197
GEHC,-0.2700454484437277,-0.24707732857580939,0.8115138383629121,1.376262301478831
GEN,-0.08201980200073285,-0.04340515877697793,0.9032054859397145,0.5966647015353597
GEV,0.02421353122547968,-0.08341891894153858,0.8177944445326444,4.18543492494493
GILD,0.055501795397823295,0.03582839435655436,0.8697958092746866,0.7264649568383141
GIS,0.28166801864798097,0.14353059907326984,0.723297017226155,-0.1464689700715703
GL,-0.5128967762600493,-0.5437406329400551,0.9606319779980556,0.13895526839990785
GLW,0.3936242511544453,0.3766200955404151,0.9220111613088274,0.8440945789302358
GM,0.259608242129537,0.34291000873046046,0.7516470942901903,1.1222880685345349
GNRC,0.05785290997402534,-0.05932249487522315,0.7747259951182267,1.2348179303430784
GOOG,0.03379297003335073,0.1627137428763012,0.8145671841523531,1.2171843950197039
GOOGL,0.04158717859966971,0.17096483369029877,0.8062900289343343,1.1746610274520408
GPC,0.0436341338598477,-0.078425569710759,0.8941076271195157,-0.5516860046978033
GPN,0.09171833866411297,0.05767839136260249,0.7872970569868091,-0.07148427452534231
GRMN,0.4168982831987033,0.42102557644108407,0.9315624543951894,1.5133287043849073
GS,0.1591101596580937,0.3483464249962893,0.6202489751291975,0.9820557708987097
GWW,0.1902073583867012,0.21041808882148605,0.8882265697770902,1.4977641075366943
HAL,0.13331718304821666,0.13086906632942147,0.7560119348144945,-0.46931804663656085
HAS,-0.0031792692063438415,-0.0856564130780523,0.7854563910364597,0.26384102377017876
HBAN,0.10109444420280886,-0.08078611600715309,0.8265769609637162,0.2537265729570559
HCA,0.14253686707304072,0.22863073072723442,0.7949053576674581,1.5592506542831321
HD,0.23675275837771007,0.23838305548312952,0.6661300565478343,0.812092185788947
HES,0.08632642784880536,-0.058252112741914934,0.7815200098513168,-0.06982493338887258
HIG,0.22894635529804502,0.3739340683366342,0.667416464248625,1.0917338804505166
HII,0.23793188243093696,0.21071823704800996,0.8039964301550525,-0.033750610913307645
HLT,0.12927206487778747,0.2558208548273642,0.6262224437463645,1.1584714390510975
HOLX,-0.07557731457791653,-0.002898305550432749,0.7926403141747306,0.6643147953540786
HON,0.16852936124587004,0.0842463984060692,0.7826870902748272,0.3398611542716075
HPE,0.2586496833913361,0.30935769014110664,0.8257977963980273,0.9727210659012135
HPQ,0.18088243198100487,0.28736205124195424,0.8126638214322133,0.7319511605591216
HRL,0.041243984392384,0.12219752201518522,0.9011529647285536,-0.5513766058258615
HSIC,-0.025839659345780523,-0.05906284374644778,0.7824840719590539,0.12113721198775317
HST,-0.2432624707374485,-0.05994187346716383,0.7850829680716852,0.02470202683009596
HSY,0.20590980532513387,0.1561286628351856,0.5011783225642471,-0.2930893646423447
HUBB,0.20740161409123742,0.3601267638563408,0.6539532463453946,1.4475135371669194
HUM,-0.0382126786496823,0.013487577001636998,0.8634377351699667,-1.0638199951053424
HWM,0.4856856801818083,0.5361278796154729,0.9160512672772503,1.9802307682632252
IBM,0.20540231953566457,0.32810935433585803,0.8650566187359374,1.164562496622248
ICE,-0.07769880922021248,-0.06519703999273992,0.8513899446334092,1.137702613949347
IDXX,0.07162292752527441,-0.1400891619993057,0.7444710473914602,0.7439539254959453
IEX,0.03621915159513973,-0.06861180149553332,0.7287035211863049,0.1035411290831244
IFF,0.08676390493772762,0.09278624916000194,0.892784778599965,0.443937850820087
INCY,0.25351525968469374,0.19228040968269383,0.841734741864891,0.004052931779431163
INTC,0.04997516734205989,0.20332766931877502,0.8678234447178772,0.15984651377320624
INTU,-0.010180347090000074,0.07290541195615112,0.7274134393506941,0.9394476358117965
INVH,-0.28962626974877936,-0.36469245896477964,0.5796001325973594,0.2645497238913218
IP,0.17947933993612505,0.22871696404939795,0.7901627644537927,0.9756938199721203
IPG,0.11782040910179413,0.19794980145227856,0.8082704161673934,0.15456934802916242
IQV,-0.027824812965352455,-0.17308959165931168,0.7686391662323494,0.6482606710419279
IR,0.2510611297601587,0.4416494252108741,0.755301280570145,1.38984139548913
IRM,0.4847865935308057,0.5867384365315327,0.8941863512212573,1.9773500921329747
ISRG,0.020083862555757264,0.13841378791094147,0.712192260335689,1.757777198151373
IT,0.019145086609128142,0.03705278131086102,0.6386658712400206,1.2412639774327863
ITW,-0.07761726562762275,-0.1828548038026735,0.671714404434136,0.5729557484993155
IVZ,0.11805799568824893,0.3224268608176123,0.7665532177464962,0.529617810996523
J,0.18335317271179002,0.10123648940921016,0.6623310033975003,0.39739662341459714
JBHT,0.19401948650882736,0.2521849005281243,0.7484978201273647,0.2008935640758725
JBL,0.38714813305731893,0.49123984219622413,0.8834743812679803,1.5164010442891087
JCI,-0.03329190540693188,-0.02583589950433857,0.6885207679569311,0.7331066368118748
JKHY,-0.0291168240123243,0.08393288924603942,0.7182919878622569,0.006175635545547866
JNJ,0.02107159877378377,0.03983891637430362,0.8360992889905359,0.1490401367551781
JNPR,-0.14484972533282917,-0.322887597292381,0.8954305684855595,0.758021988125948
JPM,0.2633605976369705,0.40798366246112344,0.6495637994157037,1.2311257729784173
K,0.018965487770775835,-0.06641246675806708,0.9278871432881015,0.4197195951319269
KDP,-0.13288173585271662,-0.07879000793965955,0.8413244665090978,-0.053265070475653466
KEY,0.030282273581073098,-0.0008568709599471175,0.6127462080565741,0.2287239728544627
KEYS,-0.11676760621583288,0.020037315633962074,0.9186631806135095,0.14001140231315004
KHC,0.08488163785062758,0.049370596512335316,0.7684736076394487,0.0731892990579782
KIM,0.11377278246143592,-0.04845040725822207,0.7572126083845728,0.5305602132964107
KKR,0.309604854400499,0.46360893359975097,0.629457741943722,2.2379763954534138
KLAC,0.4435187174889651,0.6708085449233351,0.7641329549534158,1.7914285992795151
KMB,-0.05917176284579264,0.18387897606760106,0.7331946061692473,0.36838825004883324
KMI,0.31503339188853346,0.3423378326036909,0.6748428651769716,0.610538763101964
KMX,0.05021073280776282,-0.05015469051247683,0.7215002855508043,0.7518245360622905
KO,-0.11766673089727438,0.021913288277996656,0.7523199218324754,0.3942144678477886
KR,-0.019120331143253993,0.016112596565395727,0.8209361335418511,0.6740661194308051
KVUE,0.1858078441076121,0.2700565215939149,0.7107525875798928,-0.2865712643794923
L,0.1696920411482429,0.18796372443753204,0.7073045389809458,0.588075497104761
LDOS,0.13848103962900665,0.2048235858884758,0.8706861632962678,1.126645678496174
LEN,0.26575306358544143,0.47738142774270165,0.7577755974098697,1.831567067141582
LH,0.2029942015462637,0.32792843163942076,0.649931372796574,0.4025868265513387
LHX,0.004790749595223185,0.10879744805305089,0.6943198174238701,-0.12071758134683135
LIN,-0.0063913335143045225,-0.16374532682299184,0.6920996055199219,0.989975399506227
LKQ,-0.011420072765463996,-0.006945262072597066,0.6552208008125052,-0.513540219541607
LLY,0.4039343624366096,0.589128605763018,0.8399903865248818,1.9174635690791328
LMT,0.2799932121761517,0.31410853232646174,0.8922749276694436,0.2414244254101243
LNT,-0.1297735887331398,-0.15627589124019167,0.5894069339993013,0.6229988041002075
LOW,0.2373055796588348,0.0756515278376547,0.7580885969809738,0.8697426140379674
LRCX,0.2660497440030928,0.505260767131374,0.8370912641579558,1.6239694951856973
LULU,0.116624425041266,0.15559358901408912,0.7408263522023047,0.06599762123128723
LUV,0.09418433805787287,0.17046439764745688,0.8026506782406257,0.08884592401035742
LVS,-0.02468201904713885,0.23782360696516625,0.7739092739209334,0.8359008795350308
LW,-0.21869248650677806,-0.14610254864343275,0.9039350062647766,0.13444483050715633
LYB,-0.0012662566249801131,-0.29298249863057263,0.568764084369932,0.2771066995872997
LYV,0.014406394376302301,-0.03718290573068706,0.7128958664918648,0.7957119108641957
MA,-0.04067649795488837,-0.19309102397272324,0.501520023806872,1.0633488440715801
MAA,0.13261294426739964,0.1935793610013977,0.6951684519683866,0.11971717836384033
MAR,0.041771364669397085,0.07963090370960092,0.7063363558688935,1.0615772182395304
MAS,0.13485686225041285,0.18013394483173684,0.8053271609544014,1.2772098683064017
MCD,-0.09069583511297924,-0.21332010793900055,0.6812953519147852,0.3601561171367354
MCHP,0.0855830173262278,0.03935831967479114,0.7938975757119827,0.5258522782335724
MCK,0.14485214849581138,0.2494366635579836,0.815373949856085,0.6166052736138394
MCO,0.15621945056533282,0.07487265753711439,0.786899826669767,1.3736722982175276
MDLZ,-0.06493318151024012,-0.13281481637466067,0.8443659515139239,0.395793990863729
MDT,-0.10589185027687896,-0.1610042819783629,0.7565160431328273,0.22941196306372144
MET,-0.01647360397578688,-0.06596964238873174,0.7701095904240651,0.5514373484888663
META,0.32862029242212054,0.49348627865439537,0.8184492933108576,3.161542533943642
MGM,0.10743597026556279,-0.006969409628427162,0.739252085164697,0.5392813552301043
MHK,0.44028806287496214,0.36470148999703067,0.8493060963873102,1.270030282416375
MKC,-0.015389588518295576,0.05877429993419881,0.9117972123208998,0.30810714385563714
MKTX,0.3674776141860585,0.4767891236853791,0.8864916922596948,0.5352496788818879
MLM,0.25574419703782714,0.3891433583206789,0.7942940699803002,1.2223091556024042
MMC,-0.27441194430937826,-0.06848973190222368,0.7048334714252676,0.7377984460862965
MMM,0.07959534147552601,0.2796288041810352,0.8833443646425673,0.6194283772362454
MNST,-0.07965003786550343,-0.10503872648304291,0.8668461282138599,0.4641910874924316
MO,0.13802729298954985,0.13314921958957107,0.5401016493103237,0.20913596160841172
MOH,0.1959733727282722,0.24297099019546467,0.8223086651728282,-0.33325883988966354
MOS,0.24439200984134582,0.7321437037360135,0.5883861723379963,-1.0867442613963185
MPC,0.4100200887632901,0.4688629487865831,0.7495792441318487,0.602124186628735
MPWR,0.2415143190051253,0.4142020362517903,0.8226820988559688,2.267720729262825
MRK,0.1684462194950454,0.30019668985737075,0.6985289687616847,0.2946059819163231
MRNA,0.24137956760106033,0.5372662257438731,0.7372646069866525,-0.9131265962913547
MRO,0.3295413058098444,0.255976657898401,0.5789500723653144,-0.30997180710139116
MS,0.2518553263650563,0.1867625375297714,0.7910763227668123,0.8563187993786701
MSCI,-0.07920993710537912,-0.131464355036301,0.8415067708924926,0.9670951625874636
MSFT,0.012248878122735101,0.05805773959640273,0.7651824509010724,1.1560965128849734
MSI,0.04121890347201848,0.15880901487925375,0.7931415183173405,1.3921127906962458
MTB,0.16243304174848655,0.02753288288098941,0.8725319292493335,0.4915590021851286
MTCH,0.3717021240751254,0.5559787430445724,0.638402435579902,0.0920314713182443
MTD,0.1951967316132473,0.24627193162690902,0.7874731115908437,0.40333789528724623
MU,0.5955729140969735,0.7154725334409074,0.9079828921383684,1.1607683332699794
NCLH,0.1872390877829518,0.21116650110251803,0.8678945647072005,1.4071157328724109
NDAQ,0.21355503110718047,0.15269149504816765,0.7110670282818997,0.5268372500828576
NDSN,0.10062746276832717,-0.023979467815362324,0.8636465084714072,0.36059205747995715
NEE,-0.21146737531002177,-0.20237184861705926,0.918799863097737,0.5853810428039542
NEM,0.19666445599372653,0.25592742862162804,0.5797026848117929,0.8904611859905734
NFLX,0.06216270873776538,0.1646953258995411,0.8104594832551456,1.9885080211337804
NI,-0.04649399609819864,-0.26699940828977053,0.5670821854047672,0.7864521972831183
NKE,0.09111028273748716,0.24887548175999005,0.8113933910890131,0.19700814555670285
NOC,0.09469656760335597,0.20005999256484966,0.7533107349691106,-0.21059476320921253
NOW,0.1652209775232256,0.28091978238331594,0.7445026914568876,2.011075522404785
NRG,0.4957761094279334,0.6985943327442851,0.8098717308677743,1.562460285725272
NSC,-0.15814047813054674,-0.032636574258417365,0.7295770801674248,0.5674552894420286
NTAP,0.4114702661418805,0.47352447307483764,0.8992840917206174,1.3555888351400815
NTRS,0.027970702675236516,0.1701091359163179,0.7773867199708513,0.5611626616188179
NUE,-0.15327997137035265,-0.12178223142864358,0.7333028425011928,0.10633713746818786
NVDA,0.7116132148063218,0.8189638053397592,0.8784512178459405,4.896429772688343
NVR,0.22117840914955605,0.40710268877953704,0.7575350092579238,1.7482722392148569
NWS,-0.22280548989265836,0.013565991110520807,0.6342753819976714,0.9631076149278703
NWSA,-0.24723116862353411,-0.010345717936283397,0.6314149577715855,0.8840601471494592
NXPI,0.1833962702053456,0.30828303185772293,0.8478180704949256,1.0411532031898654
O,0.04598872019848164,0.0007363813194064566,0.5961047896441294,0.2753562615719709
ODFL,0.07946064452550884,0.15137486078371679,0.7502610000270148,0.8741179602684708
OKE,-0.04921644528669597,-0.06192452198003564,0.6769030606156825,0.9329650946746284
OMC,0.015145391703511042,0.16561615846710995,0.7786255891326991,0.7195325076148722
ON,0.11928662946119141,0.1337399381130414,0.8199161286767787,0.186668600516767
ORCL,0.2575374164876986,0.33100570723237277,0.9453441647989936,1.8743652274418956
ORLY,0.0256140765861908,0.1140217290513166,0.7992400728522169,0.8915473581711129
OTIS,0.1296772427471956,0.10097142002607179,0.7422677249148572,0.9887722536998652
OXY,0.117209311338354,0.43109502482212897,0.5833992501419707,-0.6718512697851199
PANW,0.16319062092727313,0.36808434128254014,0.8298503763689562,1.7234195857161583
PARA,0.41221304839358597,0.5770022626279298,0.8319409490041311,-0.7920874831336561
PAYC,0.16427145931335937,0.36555506978004565,0.8628183800811046,-0.8609316601967247
PAYX,0.11018538139129291,0.013589002731697941,0.6104562117259315,0.5023081910711402
PCAR,0.37875174908963055,0.46718721604895297,0.675138913020083,1.0718866545372463
PCG,-0.031694973714234465,-0.1482519611664268,0.7005891005346986,0.8693007639115821
PEG,0.22188103208460547,0.16122982152859297,0.8016472825233243,1.1218783263033474
PEP,-0.04957088095219682,-0.16659885982444467,0.7017435837119154,0.04470704410170611
PFE,0.3379521431119333,0.5489108313106137,0.6503910399372538,-0.7169301788936693
PFG,0.11406053399685055,0.09818755177830114,0.8265443250517072,0.4461299805143866
PG,-0.32425587477419815,-0.17644323111754545,0.7274094649049445,0.6418717734193679
PGR,0.13449310884560936,0.32965617106641715,0.6719419113375202,1.2461018475735255
PH,0.17778658672501482,0.24819342876570447,0.6304397115491376,1.6492630297756588
PHM,0.48300229636229536,0.6816088693820465,0.8571679580486968,2.690874241302593
PKG,0.09566245270460055,0.13020483434825875,0.8329490044561394,1.3237824735674397
PLD,-0.1140252833140267,-0.18760944242014546,0.8146049360294193,0.48114636374497616
PLTR,0.39362554052115034,0.5202228391783317,0.8073319819158806,3.680847293932417
PM,0.38235398574659624,0.41043010697258486,0.8343689038111669,0.8244974984784371
PNC,0.012828642655286056,0.04060921423348759,0.7111361990999783,0.4208890865778966
PNR,0.26050792081215085,0.26138201666419936,0.7416875323107197,1.7885071252649423
PNW,-0.0941067637590028,-0.24196458665872891,0.6810300611048828,0.8530391672801773
PODD,0.07422844954121086,0.05706769320880445,0.8893427489856341,0.1773723090949593
POOL,-0.19764596539257454,-0.11278543694462939,0.5839807901139643,0.648302192384823
PPG,-0.06781412232883534,-0.1699521532149738,0.7113121709596357,0.3911889394063411
PPL,-0.16503188699884763,0.03207885007253594,0.516424607825214,0.6452249417418351
PRU,0.11906359686192382,0.08102960292005783,0.8279152880831695,0.6407069238581259
PSA,0.16065152010300537,0.002339232860935027,0.7106871045366301,0.4084022316005201
PSX,0.3770056842086091,0.3977902604735599,0.7454827898977393,0.510630937071258
PTC,0.11570202351832351,0.3552061907450059,0.5288529985897633,1.0233980129110962
PWR,0.39494325559506677,0.4169056814067935,0.7396253728730293,1.674030055153346
PYPL,0.2056849632489769,0.31731639581067617,0.7962387799556006,-0.0941634717534153
QCOM,0.2576281035581839,0.5696886047501101,0.847799699080333,0.9705310946612994
QRVO,0.17292552107521628,0.2098545775821322,0.7229570925329937,0.6203563934327627
RCL,0.24483051842191159,0.45385756561757123,0.6313092445785553,2.9450549910749664
REG,-0.035810403978104935,-0.15123540597110663,0.7705876088301067,0.5630906413239405
REGN,0.33100195799429843,0.25987455454131797,0.8221117798174256,0.7224702725650655
RF,-0.005897691752065629,-0.1304515865180901,0.8549251111803229,1.1248513944915577
RJF,-0.056921527966135824,-0.04194307099452626,0.7909386963793295,0.7134431784627585
RL,0.4487867264409068,0.47759571581367816,0.8158053467157043,1.7084197387509963
RMD,-0.07648536337376131,-0.12098039457708555,0.8228943175913713,0.33148782885871814
ROK,0.05191763136006624,-0.07696721001529744,0.6666211071433232,0.38109341622569387
ROL,-0.20637637582864585,-0.08920951631964706,0.8383602914781321,0.673513134476331
ROP,-0.033709423633455665,0.0939900035479899,0.6281253334292679,0.7741836566954204
ROST,0.09944974074214764,0.04192489324835983,0.8480149544531648,1.1657493818685432
RSG,0.17509950641628128,0.28674998587568745,0.7202464102384609,0.8388870594788674
RTX,-0.1193845720594854,-0.01622008707317449,0.6908481544480236,0.6767032615012651
RVTY,-0.16100660379657147,-0.21641417461265341,0.670650974736516,0.16568385167435118
SBAC,0.18926876769638382,0.2985088709191454,0.7943472469439488,0.2858863294936924
SBUX,-0.029062566754559527,-0.04152640337390219,0.8506101511118446,0.4013075065958443
SCHW,0.04355561586040776,-0.04328551527382109,0.8487448945581856,0.5523046517688103
SHW,0.1760081137270638,0.20318961061575455,0.8224454277503719,1.2416281744328304
SJM,0.15167199313134763,0.08690431521324793,0.7100176328720588,-0.13882194191381605
SLB,-0.039983527103991084,0.14695627139952386,0.7386367552614354,-0.33732546121018614
SMCI,0.6290547953591423,0.8782188110714888,0.8394396213746258,5.2212703659835
SNA,0.052374033104303094,0.05081676382114931,0.9101552043407587,0.9853214866456463
SNPS,0.16680782097153843,0.4600750067381799,0.5934790700014415,1.23612783505269
SO,0.0016536739945686382,-0.11970369144094709,0.7674052021177038,0.8954759538520767
SOLV,-0.16367628802553152,-0.14282858870949994,0.719906481343561,0.648951504331089
SPG,-0.10346504376994987,-0.09111113776889693,0.7763041156535405,1.2566467001710016
SPGI,-0.16930875360705255,-0.192739964353552,0.6758834292196865,1.1371043658355928
SRE,0.016275394994036987,-0.0342309129890388,0.6881920212509959,0.48303414221146895
STE,-0.18433297023059347,-0.128013789212608,0.6655521517477101,0.6449190032264106
STLD,0.04337548598351305,0.11990806927483616,0.5815075212924413,0.5342513983428473
STT,0.20330421787285724,0.22237148388788644,0.631452899584053,0.6364208040092484
STX,0.339133339597247,0.39376194647632157,0.7684598320050323,1.480378698222129
STZ,0.02849027692829256,0.0026189661500484723,0.6814154352229601,0.2801404384184855
SW,-0.8324799641067103,-0.5458950799745358,0.8560647121979935,0.4746250682721642
SWK,-0.16865935815000135,-0.199370176994671,0.608313652946515,0.8455832419197226
SWKS,0.21114414196734332,0.1165464222927687,0.7368841518091286,0.5663559614095846
SYF,0.19886517949678584,0.26437021459390375,0.6654592673029313,1.122557711677676
SYK,-0.0020746523306261963,-0.14831976576450503,0.6629816031366895,1.0213620738619287
SYY,0.0035769469864487414,0.1893657107300262,0.7193100699964687,0.016358240197615743
T,0.0597561535102978,0.18897054799769,0.4346425921501995,0.6354168364387854
TAP,0.18534929025189684,0.07268546482671548,0.8235274689898099,0.3891711950241414
TDG,0.39058063261974174,0.5959235422453286,0.6991301899417041,1.6927252141162705
TDY,-0.1002981213668812,-0.21698613231082417,0.7345421326449304,0.6094160152985741
TECH,0.9007884825927919,0.9043668778686829,0.9987840071426858,4.972652899498843
TEL,0.013944495796481996,-0.07318582835895752,0.7816810093270904,0.5354459219050807
TER,0.25990628759444795,0.42382321713215554,0.8510246341255222,1.0316133054853815
TFC,0.11157426347781305,0.11260220056720006,0.6140029439734785,0.44515122879694896
TFX,0.03845514932758929,0.02276670684035333,0.6906737123050383,0.5216337161302318
TGT,-0.075563253863048,0.2175413741168381,0.6787322019545293,0.11550850993821335
TJX,0.3287699291568566,0.29194163723342476,0.7597725909934014,1.0476562020685596
TMO,-0.03046833736764588,-0.14955637513305492,0.7321110966675309,0.49987405019480174
TMUS,0.23918134050363124,0.20913262903789562,0.8292905387653817,0.9347180551477002
TPR,0.03298057972722754,0.08200060104044242,0.8066374285933178,0.8720464528142686
TRGP,0.28772445664432866,0.5452263635248832,0.6346294303233674,1.5557027106053256
TRMB,0.10742357489943923,0.08821757334211797,0.8135456941041791,0.4725479964238314
TROW,0.3543360854803012,0.3613737429149585,0.7796373021941172,0.18427512053510217
TRV,0.2986220976993718,0.35210013295914877,0.7961419759346691,0.7607412679775809
TSCO,-0.03133814315948615,0.21015153572991543,0.5034183966253957,0.9304551948770778
TSLA,-0.010465600849719562,0.0737432676494006,0.8068142877884019,0.49095102582255207
TSN,0.06438317099033179,0.08991412343547021,0.6482026981509635,0.15193232885783475
TT,0.23971020282531588,0.4395276463992698,0.7327906521533337,1.91040804188878
TTWO,-0.06519419269304146,-0.088695624387798,0.7925534111865826,0.6734501063930831
TXN,0.052616264141571355,0.310786044481774,0.6384195682463031,0.5708115278749321
TXT,0.32123780743709224,0.21143346861315487,0.8404613256793675,0.6369724741987566
TYL,-0.061302328514841506,-0.1206019890354431,0.8743821610765011,1.2741962784186547
UAL,0.1584126587076008,0.2126021768839204,0.9175797252106692,1.6735911227007687
UBER,0.2957403158515532,0.4890595788394363,0.7140824686430859,2.083982850598066
UDR,0.025682327613824555,-0.025231261726881813,0.7051179127712447,0.3125926337017586
UHS,0.1634612132356663,0.3168267440320592,0.9258558032683787,2.0906688564450624
ULTA,-0.12830684217556482,-0.06260407115693557,0.856474889024217,0.15185975872096807
UNH,-0.24503343401739486,-0.08934405178712351,0.7152614003984824,0.14416601248714972
UNP,0.013170742924106058,-0.12853781598946232,0.7230900704682022,0.3762784548372582
UPS,0.21050396876682514,0.3030707814190273,0.710718756655443,-0.25718910071417045
URI,0.2970208788904871,0.47458251155961656,0.8225425124402902,2.2841783918499634
USB,0.030059903428207833,-0.11535028149594695,0.787593938963749,0.3506464775973517
V,-0.03879990237659642,-0.13591239056067897,0.5047977434020322,0.8354931299386582
VICI,-0.05756212006048013,0.06533678881644067,0.4122384883139833,0.24728421834740497
VLO,0.44381406591437755,0.45426427250944196,0.6807861284880401,0.0649369079522994
VLTO,-0.25289753725730674,-0.48946979375558175,0.5661254375571184,1.148844017510372
VMC,0.20455204830561372,0.30158510029548585,0.7680532154686629,0.999113006916549
VRSK,-0.026424898497728038,-0.13382621463515398,0.6014688959471947,0.9443069091393922
VRSN,0.05606739067356841,0.12476402894688655,0.5721721681690213,0.2098073985009637
VRTX,0.17641170742615933,0.3575443687193475,0.8456004451248348,1.007584745821315
VST,0.6853649834552047,0.8567478560670377,0.914992857463246,3.67595450082027
VTR,-0.0029440358768956973,-0.06173532314299189,0.8090955140747143,1.2509314210812104
VTRS,0.2303766856760851,0.34059739031248254,0.774573669131555,0.4508235921385295
VZ,-0.013225726565533558,0.09797508114219113,0.6816589602960139,0.3541027228875261
WAB,0.3818150093700352,0.4482234608718273,0.8209423453708661,1.5109410835188404
WAT,0.13662305841171626,0.10182506188024003,0.7672000362486644,0.5427630187238263
WBA,0.20314802524712447,0.38593865097034624,0.8168748944177323,-2.261149532570747
WBD,0.2869006091954456,0.504081256516118,0.7848297668923774,-0.5269852800493118
WDC,0.321971420598656,0.48034211971191865,0.8230641356283159,1.3399996009609305
WEC,-0.00015040594267042145,0.10150944582802109,0.68854351840131,0.44541132755473267
WELL,-0.020945273574361205,0.03477406612965017,0.7750631359662988,1.6605862422353335
WFC,0.13451871850715172,0.11760941691195888,0.883099879813165,0.8331035056243203
WM,0.17296876667779432,0.20354792379229406,0.8286171057488938,0.5906982378068363
WMB,0.24399028407924106,0.22299769018469656,0.7400777552546732,0.9122740828529367
WMT,0.20023923030684554,0.22902834670718145,0.7494023865586505,1.1660072037609588
WRB,0.509736226851567,0.5338993064252805,0.9861752897387749,0.697605115765691
WST,0.0899390321289664,0.0163594983291136,0.7466853212812676,0.5940272301261809
WTW,-0.1641860897033161,-0.08511248398197238,0.8672962217651591,0.653791047799618
WY,-0.03037853097695076,-0.02020223942952496,0.7949750462017394,0.2904633667072526
WYNN,-0.16099002372884386,0.05537463917675201,0.8343198669946158,1.2785354570116223
XEL,-0.008798012781611407,-0.031144859966253175,0.8491363759601096,0.1413284489793143
XOM,0.1959142209254063,0.17301768718964694,0.513459416192292,0.16035291414648387
XYL,0.0036430790843700665,-0.026416210550533042,0.8520323097602364,0.8082401401828251
YUM,-0.191420390814016,-0.10996044648560886,0.7554895671355583,0.4951019671544724
ZBH,0.009146132931307472,0.09822761232662276,0.772789132729069,0.08662359292449133
ZBRA,-0.04717594930073194,-0.0392672448784836,0.6644897710282327,0.9100280968473221
ZTS,-0.32907025570240944,-0.3191568571155864,0.7414965788044243,0.4996833021229237
